"covariateId","countValue","minValue","maxValue","averageValue","standardDeviation","medianValue","p10Value","p25Value","p75Value","p90Value","covariateName","analysisId","conceptId","analysisName","domainId","startDay","endDay","isBinary","missingMeansZero"
8507001,16,0,1,0.41025641025641,0.49831023511298,0,0,0,1,1,"gender = MALE",1,8507,"DemographicsGender","Demographics",NA,NA,"Y",NA
8507001,16,0,1,0.41025641025641,0.49831023511298,0,0,0,1,1,"gender = MALE",1,8507,"Length of observation","Demographics",0,0,"N","Y"
8532001,23,0,1,0.58974358974359,0.49831023511298,1,0,0,1,1,"gender = FEMALE",1,8532,"DemographicsGender","Demographics",NA,NA,"Y",NA
8532001,23,0,1,0.58974358974359,0.49831023511298,1,0,0,1,1,"gender = FEMALE",1,8532,"Length of observation","Demographics",0,0,"N","Y"
1904,39,0,5,2.64102564102564,1.01273936708367,2,1,2,3,4,"CHADS2VASc",904,0,"Chads2Vasc","Condition",NA,0,"N","Y"
1,39,0,1063,461.897435897436,263.618923016159,415,147,258,673,906,"Length of observation",1,0,"DemographicsGender","Demographics",NA,NA,"Y",NA
1,39,0,1063,461.897435897436,263.618923016159,415,147,258,673,906,"Length of observation",1,0,"Length of observation","Demographics",0,0,"N","Y"
